SampleID,Target
valid1,0.26350216450216452
valid2,-0.43371428571428566
valid3,0.0
valid4,-0.35766089466089462
valid5,-0.26142857142857145
valid6,-0.10176190476190476
valid7,-0.10933333333333332
valid8,0.070423280423280429
valid9,0.080148148148148149
valid10,-0.089740740740740746
valid11,-0.02
valid12,-0.45314285714285718
valid13,0.1226984126984127
valid14,-0.080206349206349212
valid15,0.12940740740740742
valid16,0.0366190476190476
valid17,0.14766666666666667
valid18,0.02244444444444444
valid19,-0.19185714285714284
valid20,0.07955555555555556
valid21,-0.021555555555555557
valid22,0.13144444444444445
valid23,-0.09801058201058202
valid24,0.0
valid25,-0.037333333333333329
valid26,-0.07566666666666666
valid27,0.018666666666666672
valid28,-0.052417989417989412
valid29,-0.050666666666666665
valid30,0.062222222222222213
valid31,0.089873015873015868
valid32,-0.13722222222222222
valid33,0.10666666666666667
valid34,-0.59592592592592586
valid35,-0.17505820105820105
valid36,-0.47219047619047616
valid37,-0.050787545787545782
valid38,-0.023873015873015876
valid39,-0.065873015873015875
valid40,0.63701587301587304
valid41,0.0055555555555555549
valid42,0.91965079365079361
valid43,0.23403174603174606
valid44,-0.45151851851851849
valid45,0.83703703703703691
valid46,-0.10785185185185185
valid47,0.025126984126984126
valid48,0.84999999999999998
valid49,0.051587301587301577
valid50,1.0
valid51,0.96799999999999997
valid52,-0.60068831168831172
valid53,-0.43514285714285716
valid54,-0.89111111111111119
valid55,0.027206349206349192
valid56,0.065555555555555534
valid57,1.0
valid58,0.0
valid59,0.042063492063492053
valid60,-0.066666666666666666
valid61,0.030984126984126985
valid62,-0.24586243386243381
valid63,0.054619047619047623
valid64,-0.58084126984126994
valid65,0.22330158730158728
valid66,-0.97333333333333338
valid67,0.22982539682539682
valid68,0.322068783068783
valid69,0.073386243386243388
valid70,0.13460317460317459
valid71,0.065000000000000002
valid72,-0.070507936507936519
valid73,-0.94733333333333325
valid74,-0.06357142857142857
valid75,-1.0
valid76,-1.0
valid77,0.11295238095238096
valid78,0.31079365079365073
valid79,0.16993650793650794
valid80,0.055111111111111118
valid81,0.0022645502645502625
valid82,-0.060042328042328043
valid83,-0.38130158730158742
valid84,-0.65552380952380951
valid85,-1.0
valid86,0.28875661375661382
valid87,-0.00076190476190476214
valid88,-0.041576719576719573
valid89,-0.12896825396825395
valid90,0.10472486772486772
valid91,0.0
valid92,0.15587301587301586
valid93,-0.12704761904761905
valid94,0.075481481481481469
valid95,0.11977777777777779
valid96,-0.088222222222222216
valid97,0.15876190476190477
valid98,-1.0
valid99,-0.013333333333333334
valid100,0.96444444444444433
valid101,-0.38962962962962955
valid102,0.083148148148148138
valid103,0.0043333333333333297
valid104,0.15520634920634918
valid105,0.98666666666666669
valid106,0.15148148148148147
valid107,0.58059788359788367
valid108,0.5356507936507936
valid109,0.011428571428571429
valid110,0.62222222222222223
valid111,0.86444444444444435
valid112,0.024000000000000007
valid113,1.0
valid114,-0.33807407407407408
valid115,0.024243386243386251
valid116,-0.31050793650793646
valid117,0.013333333333333334
valid118,-0.38768783068783069
valid119,0.68698412698412714
valid120,-0.019142857142857159
valid121,0.23704761904761903
valid122,-0.0055555555555555566
valid123,-0.2916507936507936
valid124,-0.11126984126984124
valid125,-0.33400000000000002
valid126,0.0
valid127,0.16255555555555556
valid128,0.16113131313131315
valid129,0.14444444444444446
valid130,-1.0
valid131,-0.03561904761904762
valid132,0.6597777777777778
valid133,-1.0
valid134,0.025555555555555554
valid135,-0.98222222222222233
valid136,0.048888888888888885
valid137,-0.05904761904761905
valid138,0.096555555555555561
valid139,-0.066936507936507947
valid140,0.067555555555555549
valid141,-0.2224126984126984
valid142,0.97066666666666668
valid143,-0.99174603174603171
valid144,0.80000000000000004
valid145,-0.040333333333333339
valid146,-0.28833333333333333
valid147,-0.17641269841269841
valid148,-0.063047619047619047
valid149,0.076222222222222219
valid150,-0.088486772486772489
valid151,0.0013333333333333331
valid152,-0.095111111111111105
valid153,-0.9920000000000001
valid154,-0.018666666666666665
valid155,0.13117460317460319
valid156,-0.086206349206349203
valid157,0.32838095238095238
valid158,0.039650793650793645
valid159,-0.3291904761904762
valid160,0.40800000000000003
valid161,0.56348148148148147
valid162,-0.21250793650793651
valid163,-0.060126984126984126
valid164,-0.01111111111111111
valid165,0.13258201058201061
valid166,-0.58330158730158732
valid167,-0.21899999999999997
valid168,-1.0
valid169,0.078460317460317466
valid170,0.47846031746031742
valid171,-0.64109523809523805
valid172,0.22805291005291006
valid173,0.0
valid174,0.1696560846560847
valid175,0.045730158730158725
valid176,0.28750793650793649
valid177,-0.58399999999999996
valid178,-0.22622222222222221
valid179,-0.34786243386243376
valid180,-0.92259259259259252
valid181,0.35723809523809519
valid182,-0.26666666666666666
valid183,-0.054666666666666662
valid184,0.20843386243386242
valid185,0.89253968253968252
valid186,0.037777777777777771
valid187,0.56376430976430969
valid188,-0.021333333333333336
valid189,0.95380952380952366
valid190,-0.01
valid191,-0.34363636363636363
valid192,0.24443386243386239
valid193,0.53857142857142848
valid194,-0.031968253968253972
valid195,-0.024380952380952382
valid196,1.0
valid197,-0.018333333333333333
valid198,-0.066809523809523819
valid199,-0.12426984126984124
valid200,-0.07031746031746032
valid201,-0.48666666666666669
valid202,0.020492063492063495
valid203,-1.0
valid204,-0.053333333333333337
valid205,-0.12066666666666667
valid206,0.033999999999999996
valid207,0.10666666666666667
valid208,0.0
valid209,0.072973544973544982
valid210,-0.014666666666666668
valid211,-0.28228571428571425
valid212,1.0
valid213,0.16933333333333334
valid214,0.077333333333333337
valid215,0.017111111111111108
valid216,0.98222222222222211
valid217,-0.65100000000000002
valid218,0.29892063492063492
valid219,-0.33406349206349212
valid220,-0.013333333333333334
valid221,-0.026666666666666668
valid222,-0.014999999999999999
valid223,0.2924444444444444
valid224,0.19212698412698412
valid225,0.019333333333333334
valid226,0.98333333333333328
valid227,-0.1098888888888889
valid228,-0.94133333333333324
valid229,0.023650793650793648
valid230,0.70751322751322754
valid231,-0.45733333333333337
valid232,1.0
valid233,0.0
valid234,-0.56606349206349205
valid235,0.021915343915343916
valid236,-0.33255026455026454
valid237,0.050444444444444445
valid238,0.0046666666666666662
valid239,-0.060984126984126981
valid240,-0.55571428571428572
valid241,-0.35778306878306876
valid242,-0.80419047619047623
valid243,-0.068253968253968247
valid244,0.31742328042328039
valid245,0.125
valid246,0.29257142857142859
valid247,0.018603174603174608
valid248,-0.47625396825396821
valid249,0.61799999999999999
valid250,-0.10622222222222222
valid251,0.086481481481481479
valid252,0.041814814814814812
valid253,-0.16538095238095238
valid254,0.0066666666666666671
valid255,-0.48444688644688644
valid256,0.0
valid257,-0.97777777777777786
valid258,-0.10152380952380953
valid259,0.50977777777777777
valid260,0.3140634920634921
valid261,-0.005333333333333334
valid262,1.0
valid263,-0.11600000000000002
valid264,0.3763333333333333
valid265,-0.028000000000000008
valid266,-0.93333333333333335
valid267,-0.31299999999999994
valid268,1.0
valid269,-0.02834920634920635
valid270,-0.088888888888888892
valid271,0.22011111111111115
valid272,-0.10203174603174604
valid273,0.32777777777777778
valid274,-0.062301587301587302
valid275,-0.26407936507936508
valid276,0.17422222222222225
valid277,0.055925925925925928
valid278,-0.04226984126984127
valid279,0.69011111111111112
valid280,0.052777777777777771
valid281,0.99428571428571422
valid282,0.36776190476190473
valid283,0.10771428571428569
valid284,-0.49352380952380959
valid285,-0.22057671957671957
valid286,-0.39974603174603174
valid287,0.212984126984127
valid288,0.59009523809523801
valid289,0.13763492063492064
valid290,0.042015873015873013
valid291,0.0
valid292,-0.043301587301587306
valid293,-0.082666666666666666
valid294,-0.0066666666666666671
valid295,0.24085714285714288
valid296,-0.20955555555555555
valid297,0.071555555555555553
valid298,0.45348148148148149
valid299,-0.012
valid300,0.43141269841269841
valid301,0.097047619047619049
valid302,0.23436507936507936
valid303,0.045555555555555551
valid304,-0.34988888888888892
valid305,-0.23595238095238097
valid306,-0.08225396825396826
valid307,1.0
valid308,0.38288888888888889
valid309,-0.16133333333333333
valid310,0.13065079365079366
valid311,-0.020999999999999998
valid312,-0.011968253968253991
valid313,0.19341269841269842
valid314,-0.0081904761904761873
valid315,-0.49965079365079362
valid316,-0.055333333333333325
valid317,-0.77584126984126989
valid318,-0.29851851851851846
valid319,0.90640740740740744
valid320,0.16714285714285712
valid321,0.77422222222222215
valid322,-0.16501587301587303
valid323,-0.0033333333333333335
valid324,-0.25555555555555554
valid325,0.0032910052910052881
valid326,-0.10463492063492064
valid327,-0.0066666666666666671
valid328,0.14964021164021163
valid329,-0.88888888888888873
valid330,-0.15244444444444444
valid331,-0.055158730158730157
valid332,-0.17347619047619048
valid333,0.0
valid334,-0.031111111111111114
valid335,0.15471428571428569
valid336,-0.00029629629629630117
valid337,0.25534920634920627
valid338,-0.72892063492063497
valid339,-0.51041269841269843
valid340,-0.053439153439153439
valid341,0.35563492063492064
valid342,-0.38425396825396824
valid343,0.82088888888888889
valid344,0.016169312169312181
valid345,0.3941904761904762
valid346,-0.013111111111111112
valid347,0.22544444444444448
valid348,0.19130158730158731
valid349,-0.019444444444444445
valid350,-0.48675132275132277
valid351,0.83222222222222231
valid352,-0.09393073593073592
valid353,-0.84066666666666667
valid354,0.11709523809523811
valid355,0.11069841269841267
valid356,-0.059613756613756612
valid357,-0.19630158730158728
valid358,0.0
valid359,-0.0066666666666666671
valid360,0.012888888888888891
valid361,0.13834920634920633
valid362,-0.37362962962962964
valid363,-0.030904761904761907
valid364,-0.050851851851851843
valid365,0.029555555555555557
valid366,0.016666666666666666
valid367,0.19631746031746031
valid368,-0.48260317460317464
valid369,0.9688888888888888
valid370,0.36627513227513231
valid371,0.049904761904761896
valid372,0.25798412698412698
valid373,0.31936507936507935
valid374,-0.1357142857142857
valid375,0.16288888888888886
valid376,-0.0021851851851851893
valid377,0.94133333333333324
valid378,-0.13628571428571429
valid379,-0.090476190476190488
valid380,-0.22877248677248677
valid381,-0.021629629629629631
valid382,0.16587301587301589
valid383,-0.50123809523809537
valid384,0.031999999999999994
valid385,0.086793650793650798
valid386,-0.18673015873015872
valid387,-0.27488888888888896
valid388,0.75555555555555554
valid389,-0.074984126984126973
valid390,-0.096539682539682523
valid391,0.97333333333333338
valid392,0.19665608465608467
valid393,-0.011190476190476192
valid394,-0.45058201058201053
valid395,0.92911111111111111
valid396,-0.12061375661375662
valid397,-0.098042328042328028
valid398,-0.38771428571428573
valid399,-0.24477777777777779
valid400,-0.013333333333333334
valid401,0.02
valid402,-0.96152380952380956
valid403,-0.29892063492063498
valid404,0.96222222222222209
valid405,-0.20358730158730159
valid406,-0.1167936507936508
valid407,0.11222222222222221
valid408,-0.23040692640692639
valid409,0.66736507936507938
valid410,-0.10574603174603175
valid411,-0.99555555555555564
valid412,0.011396825396825395
valid413,0.18904761904761905
valid414,-0.012424242424242424
valid415,0.11693506493506495
valid416,0.058323232323232319
valid417,0.068698412698412703
valid418,-0.06507936507936507
valid419,0.34307407407407403
valid420,0.10106878306878307
valid421,-0.066587301587301598
valid422,-0.084560846560846559
valid423,-0.45536507936507936
valid424,0.10877777777777778
valid425,0.20361904761904762
valid426,-0.040793650793650806
valid427,0.029216931216931207
valid428,0.061349206349206362
valid429,0.023111111111111114
valid430,-0.092222222222222219
valid431,-0.092190476190476198
valid432,-0.13155555555555556
valid433,0.029867724867724873
valid434,0.50488888888888894
valid435,0.12342857142857142
valid436,-0.16433333333333333
valid437,0.23533333333333331
valid438,0.80526984126984136
valid439,0.1951111111111111
valid440,0.0033333333333333335
valid441,1.0
valid442,0.38165079365079368
valid443,0.43009523809523814
valid444,-0.020666666666666667
valid445,-0.30141269841269841
valid446,0.070232804232804258
valid447,0.18135449735449735
valid448,0.083994708994708983
valid449,-0.0097777777777777793
valid450,-0.021216931216931217
valid451,0.056666666666666657
valid452,0.2320952380952381
valid453,-0.024888888888888887
valid454,0.03650793650793651
valid455,-0.8408888888888888
valid456,0.19243001443001448
valid457,0.3896296296296296
valid458,0.43535449735449738
valid459,0.81133333333333335
valid460,-0.99555555555555564
valid461,-0.058095238095238103
valid462,0.25085714285714289
valid463,0.22922222222222227
valid464,-0.1086984126984127
valid465,-1.0
valid466,0.0
valid467,-0.24739682539682542
valid468,-0.24771428571428572
valid469,-1.0
valid470,-1.0
valid471,-0.83611111111111103
valid472,-0.35555555555555551
valid473,-0.82074074074074077
valid474,-0.83999999999999997
valid475,-0.46717460317460319
valid476,0.45014285714285712
valid477,-0.10855026455026456
valid478,0.035888888888888901
valid479,0.17132275132275132
valid480,-0.19923809523809521
valid481,0.023333333333333334
valid482,-0.89000000000000001
valid483,-0.68060317460317465
valid484,-0.15855555555555556
valid485,-0.020000000000000007
valid486,-0.026497354497354499
valid487,-0.2674285714285714
valid488,0.0060000000000000001
valid489,-0.43423809523809526
valid490,-0.045481481481481484
valid491,0.20815873015873015
valid492,0.076634920634920639
valid493,-0.66576719576719579
valid494,0.73534920634920642
valid495,0.12666666666666668
valid496,-0.83333333333333337
valid497,-0.0045238095238095194
valid498,-0.29933333333333328
valid499,-0.98666666666666669
valid500,-0.041111111111111105
valid501,0.56701587301587297
valid502,-0.23660317460317459
valid503,-0.43289898989898989
valid504,0.55852380952380953
valid505,-0.0080000000000000002
valid506,0.33306349206349206
valid507,-0.11100000000000004
valid508,0.96488888888888902
valid509,0.34009523809523806
valid510,-0.32516017316017315
valid511,-0.79307407407407404
valid512,0.99333333333333329
valid513,-0.048380952380952379
valid514,-0.58207936507936509
valid515,-0.64511111111111108
valid516,0.6597777777777778
valid517,-0.21152380952380953
valid518,0.002444444444444444
valid519,-0.20368253968253966
valid520,-0.94844444444444431
valid521,0.083259259259259269
valid522,0.4612592592592592
valid523,-1.0
valid524,-0.03833333333333333
valid525,0.088698412698412693
valid526,0.0
valid527,0.19738095238095238
valid528,-1.0
valid529,1.0
valid530,0.13333333333333336
valid531,0.33111111111111113
valid532,0.0
valid533,-0.21682539682539678
valid534,-0.025222222222222215
valid535,-0.31458730158730164
valid536,0.43844444444444453
valid537,0.021111111111111112
valid538,0.0539047619047619
valid539,0.056539682539682543
valid540,-0.013333333333333334
valid541,0.18980952380952384
valid542,-0.046730158730158733
valid543,-0.07644444444444444
valid544,0.75285714285714289
valid545,0.97333333333333338
valid546,-0.077269841269841266
valid547,0.0066666666666666671
valid548,-0.19466666666666665
valid549,-0.30626455026455018
valid550,-0.51452380952380949
valid551,-0.25095238095238093
valid552,0.013333333333333334
valid553,0.02
valid554,-0.66755555555555546
valid555,0.25679365079365074
valid556,-0.080888888888888885
valid557,-0.7953015873015874
valid558,0.20155555555555557
valid559,-0.038550264550264543
valid560,0.36342857142857138
valid561,0.89888888888888874
valid562,0.046666666666666669
valid563,0.0
valid564,-0.26822222222222225
valid565,-0.031904761904761908
valid566,-1.0
valid567,0.0055026455026455012
valid568,-0.81755555555555559
valid569,0.80892063492063493
valid570,-0.28607407407407404
valid571,-0.36939682539682539
valid572,-1.0
valid573,-0.34879365079365082
valid574,-0.68993650793650796
valid575,-0.033111111111111112
valid576,0.011847041847041847
valid577,0.48652380952380953
valid578,0.03021164021164021
valid579,-0.050873015873015855
valid580,0.081111111111111106
valid581,0.86799999999999988
valid582,-0.093333333333333338
valid583,0.47533333333333333
valid584,0.01
valid585,0.14946031746031746
valid586,-0.013777777777777776
valid587,-0.087079365079365076
valid588,-0.051253968253968246
valid589,-0.04777777777777778
valid590,-0.97333333333333338
valid591,0.11280952380952383
valid592,0.16513227513227516
valid593,-0.018222222222222223
valid594,0.82644444444444443
valid595,0.71888888888888891
valid596,0.0
valid597,-0.086888888888888877
valid598,0.49391005291005297
valid599,-0.045999999999999999
valid600,-0.047222222222222228
valid601,0.075396825396825407
valid602,0.017555555555555564
valid603,-0.010539682539682538
valid604,-0.16126984126984126
valid605,-0.097301587301587306
valid606,-0.77933333333333332
valid607,-0.12528571428571428
valid608,0.33395238095238095
valid609,0.099142857142857144
valid610,-0.53399999999999992
valid611,-0.08492063492063491
valid612,1.0
valid613,-0.26388359788359789
valid614,-1.0
valid615,-0.017957671957671957
valid616,0.30920634920634921
valid617,-0.057777777777777775
valid618,0.39570370370370367
valid619,0.95999999999999996
valid620,-0.068730158730158739
valid621,0.013921115921115923
valid622,-0.98222222222222233
valid623,0.11928042328042328
valid624,0.84199999999999997
valid625,0.088888888888888892
valid626,0.67288888888888887
valid627,-0.37526984126984125
valid628,-0.099650793650793656
valid629,0.9368282828282829
valid630,0.98333333333333328
valid631,0.14174603174603173
valid632,0.1922962962962963
valid633,0.25212698412698409
valid634,-0.11822751322751322
valid635,-0.64146031746031729
valid636,-0.10377777777777777
valid637,-0.21565079365079365
valid638,0.0
valid639,0.10934920634920635
valid640,0.026666666666666668
valid641,0.20850793650793653
valid642,0.20752380952380953
valid643,0.39716931216931217
valid644,-0.021222222222222222
valid645,0.14587301587301588
valid646,0.0
valid647,1.0
valid648,0.0038095238095238095
valid649,-0.37595238095238093
valid650,0.059777777777777777
valid651,0.62952380952380949
valid652,0.0026984126984126986
valid653,-0.018148148148148149
valid654,-0.19168253968253968
valid655,-0.048888888888888885
valid656,0.058460317460317462
valid657,-0.23228571428571432
valid658,0.12034920634920633
valid659,1.0
valid660,-0.017333333333333333
valid661,0.13266666666666665
valid662,-0.39177777777777784
valid663,-0.72259259259259256
valid664,1.0
valid665,0.0
valid666,0.24101587301587302
valid667,0.65811111111111109
valid668,-0.032846560846560867
valid669,0.68488888888888877
valid670,0.25987301587301587
valid671,-0.19450793650793649
valid672,-0.13222222222222221
valid673,0.28355555555555556
valid674,-0.018074074074074079
valid675,0.15355555555555556
valid676,0.2715238095238095
valid677,-1.0
valid678,-0.025555555555555557
valid679,0.97333333333333338
valid680,-0.016285714285714282
valid681,0.65933862433862445
valid682,-0.3444502164502164
valid683,0.0080000000000000002
valid684,0.052793650793650795
valid685,-1.0
valid686,-0.45888888888888896
valid687,0.091238095238095229
valid688,-0.79333333333333333
valid689,-0.21894708994708997
valid690,-0.71207407407407397
valid691,0.0015555555555555559
valid692,-0.018888888888888886
valid693,-0.76666666666666672
valid694,0.0033333333333333335
valid695,-0.026984126984126972
valid696,0.023275132275132279
valid697,0.014777777777777779
valid698,-0.036444444444444453
valid699,0.30074603174603176
valid700,0.94177777777777771
valid701,-0.37685714285714284
valid702,-0.17062433862433862
valid703,0.0
valid704,-0.03888888888888889
valid705,0.74396825396825406
valid706,0.61219047619047628
valid707,0.076910052910052915
valid708,0.51820634920634923
valid709,-0.026666666666666668
valid710,1.0
valid711,0.4697142857142857
valid712,-0.34598941798941801
valid713,0.060571428571428568
valid714,-0.023809523809523815
valid715,-0.048666666666666657
valid716,0.1755714285714286
valid717,0.12925925925925924
valid718,-0.22342424242424239
valid719,-0.23587301587301582
valid720,0.8354285714285713
valid721,0.22898412698412698
valid722,0.064603174603174593
valid723,1.0
valid724,0.094269841269841267
valid725,-0.11222222222222221
valid726,-0.97333333333333338
valid727,-0.016666666666666666
valid728,0.11013756613756613
valid729,0.11646031746031746
valid730,-0.01822222222222222
valid731,0.79560317460317453
valid732,-0.013333333333333334
valid733,-0.011904761904761892
valid734,0.0037301587301587259
valid735,0.094888888888888884
valid736,0.043555555555555563
valid737,-0.78029629629629638
valid738,-0.59920634920634919
valid739,0.16659788359788361
valid740,-0.15935449735449736
valid741,0.032888888888888891
valid742,-0.050756613756613771
valid743,0.40129004329004331
valid744,-0.93222222222222206
valid745,0.078761904761904755
valid746,0.018444444444444444
valid747,0.004242424242424242
valid748,0.94066666666666687
valid749,0.013333333333333334
valid750,0.85644444444444445
valid751,-0.62541798941798943
valid752,0.94999999999999996
valid753,0.50755555555555554
valid754,1.0
valid755,1.0
valid756,0.77888888888888885
valid757,0.39016931216931205
valid758,-0.11311111111111112
valid759,0.027777777777777773
valid760,-0.090222222222222218
valid761,-0.022365079365079355
valid762,0.02622222222222222
valid763,-1.0
valid764,0.24250264550264553
valid765,-0.15179365079365079
valid766,0.017285714285714279
valid767,-0.64520634920634923
valid768,0.30266666666666664
valid769,-0.016
valid770,0.67720634920634926
valid771,0.043365079365079356
valid772,-0.050550264550264554
valid773,0.03266666666666667
valid774,0.27337037037037037
valid775,-0.31777777777777783
valid776,0.0
valid777,-0.15477777777777776
valid778,-0.020888888888888887
valid779,-0.87180952380952381
valid780,0.017968253968253977
valid781,0.44996825396825396
valid782,-0.88444444444444459
valid783,-0.11055555555555557
valid784,-0.12713756613756613
valid785,-0.0022222222222222227
valid786,1.0
valid787,1.0
valid788,0.0086463166463166454
valid789,-0.15733333333333335
valid790,-0.29882539682539683
valid791,-1.0
valid792,0.032412698412698407
valid793,-0.8825925925925926
valid794,-0.18787301587301586
valid795,0.034888888888888886
valid796,0.22873015873015873
valid797,0.0
valid798,0.40650793650793648
valid799,-0.005333333333333334
valid800,0.93955555555555559
valid801,0.12975661375661376
valid802,-0.1739047619047619
valid803,-0.10177777777777777
valid804,0.42557142857142854
valid805,-0.045222222222222226
valid806,-0.37482539682539678
valid807,-0.045999999999999992
valid808,-0.28358730158730161
valid809,0.97257142857142864
valid810,0.10409523809523807
valid811,0.15495238095238095
valid812,-0.14266666666666666
valid813,0.42063492063492064
valid814,-0.017481481481481483
valid815,0.21358730158730158
valid816,0.40069264069264071
valid817,0.34276190476190477
valid818,-0.26344973544973543
valid819,-0.66206349206349213
valid820,-0.14282539682539683
valid821,-0.95733333333333326
valid822,-0.10679365079365079
valid823,0.036529100529100543
valid824,-0.089703703703703688
valid825,0.13526455026455025
valid826,0.35722222222222222
valid827,0.14571428571428569
valid828,-0.29488888888888892
valid829,0.23888888888888885
valid830,-0.067560846560846557
valid831,-0.19073015873015872
valid832,-0.2044708994708995
valid833,-0.18587301587301586
valid834,0.03323809523809524
valid835,-0.80553968253968244
valid836,-0.33379894179894182
valid837,0.0
valid838,-0.98444444444444434
valid839,-0.13297354497354497
valid840,-0.54044444444444451
valid841,-0.030613756613756624
valid842,-0.06933333333333333
valid843,-0.98111111111111127
valid844,0.43730158730158725
valid845,-0.13793650793650794
valid846,0.043788359788359779
valid847,0.58759788359788367
valid848,-1.0
valid849,-0.37755555555555553
valid850,0.31907936507936513
valid851,-0.98333333333333328
valid852,0.097349206349206338
valid853,-0.013333333333333334
valid854,-0.50718518518518518
valid855,0.34222222222222221
valid856,-0.044910052910052907
valid857,-0.11898412698412698
valid858,0.012222222222222221
valid859,-0.13837037037037037
valid860,1.0
valid861,0.15133333333333332
valid862,-0.85644444444444445
valid863,-0.96190476190476182
valid864,1.0
valid865,0.067518518518518506
valid866,-0.15025396825396825
valid867,-0.23606349206349203
valid868,-0.035111111111111114
valid869,-0.78044444444444439
valid870,0.21237037037037035
valid871,0.17277777777777775
valid872,0.013142857142857144
valid873,-0.32443290043290046
valid874,-0.17733333333333334
valid875,0.081052910052910057
valid876,0.06433333333333334
valid877,0.69317460317460311
valid878,-0.0030793650793650745
valid879,-0.24914814814814817
valid880,-0.14387301587301587
valid881,-0.1194920634920635
valid882,-0.13647619047619047
valid883,-0.18065079365079365
valid884,0.0
valid885,0.04304761904761905
valid886,0.20384126984126982
valid887,-0.52933333333333332
valid888,0.17209523809523811
valid889,0.087417989417989422
valid890,0.46658730158730161
valid891,0.81555555555555548
valid892,0.49170899470899476
valid893,-1.0
valid894,-0.062444444444444448
valid895,0.041428571428571433
valid896,0.20673015873015871
valid897,-0.059910052910052913
valid898,0.22088888888888894
valid899,0.10431216931216931
valid900,1.0
valid901,0.19498412698412698
valid902,-0.013333333333333334
valid903,-0.052793650793650782
valid904,0.05422222222222222
valid905,0.16988359788359789
valid906,0.98666666666666669
valid907,0.13249206349206349
valid908,0.48373544973544974
valid909,0.0
valid910,0.43617460317460321
valid911,0.070333333333333345
valid912,-0.92888888888888876
valid913,-0.97523809523809524
valid914,-0.98177777777777764
valid915,-0.38955555555555554
valid916,-0.59155555555555561
valid917,0.0066507936507936511
valid918,-0.0089206349206349192
valid919,-0.97333333333333338
valid920,0.0
valid921,0.59355555555555561
valid922,-0.024666666666666667
valid923,0.0
valid924,-0.072878306878306862
valid925,-0.033111111111111112
valid926,-0.93777777777777771
valid927,-0.87428571428571422
valid928,0.032000000000000008
valid929,0.3882539682539683
valid930,0.97333333333333338
valid931,0.16485714285714284
valid932,0.16751322751322748
valid933,0.95577777777777784
valid934,-0.21352380952380956
valid935,-0.051428571428571428
valid936,0.1201111111111111
valid937,0.48707936507936506
valid938,-0.081968253968253968
valid939,0.093111111111111117
valid940,1.0
valid941,0.15279365079365081
valid942,-0.15450793650793651
valid943,-0.97333333333333338
valid944,0.27263492063492062
valid945,0.0071375661375661344
valid946,1.0
valid947,0.28457142857142853
valid948,0.086206349206349217
valid949,0.026031746031746034
valid950,-0.12222222222222222
valid951,-0.2847777777777778
valid952,0.038444444444444448
valid953,0.089444444444444438
valid954,0.94666666666666666
valid955,-0.60074603174603169
valid956,0.12133333333333333
valid957,-0.20844444444444443
valid958,-0.28933333333333333
valid959,0.037999999999999999
valid960,0.1364126984126984
valid961,-0.076126984126984112
valid962,0.26396825396825402
valid963,0.7557936507936508
valid964,-0.052222222222222218
valid965,1.0
valid966,0.98222222222222211
valid967,0.41430158730158734
valid968,-0.0859047619047619
valid969,-0.066031746031746039
valid970,0.12995238095238096
valid971,-0.2027936507936508
valid972,0.0082063492063492068
valid973,0.90596825396825387
valid974,-0.078211640211640204
valid975,0.13730158730158729
valid976,0.065873015873015875
valid977,0.53111111111111109
valid978,-0.7802539682539682
valid979,0.2008253968253968
valid980,-0.017317460317460315
valid981,-0.12855026455026453
valid982,0.064888888888888899
valid983,0.30447619047619046
valid984,0.14577489177489178
valid985,0.092000000000000012
valid986,0.2099206349206349
valid987,-0.0062222222222222236
valid988,0.21587301587301586
valid989,0.30655026455026452
valid990,-0.06568253968253969
valid991,-0.027269841269841267
valid992,0.19042328042328041
valid993,-0.21333333333333335
valid994,-0.035396825396825392
valid995,0.92333333333333334
valid996,0.033142857142857154
valid997,-0.1522222222222222
valid998,-0.74949735449735455
valid999,-0.048444444444444436
valid1000,-0.12655555555555553
valid1001,-0.049428571428571433
valid1002,-1.0
valid1003,0.092710622710622706
valid1004,-1.0
valid1005,-0.072206349206349218
valid1006,0.44470370370370366
valid1007,-0.026666666666666668
valid1008,-0.067349206349206353
valid1009,0.028158730158730164
valid1010,0.48938624338624342
valid1011,0.10761904761904761
valid1012,-0.03822222222222222
valid1013,0.0
valid1014,0.35466666666666669
valid1015,0.46714285714285714
valid1016,0.53205291005291
valid1017,0.040000000000000001
valid1018,0.19395238095238093
valid1019,0.0
valid1020,-0.36498412698412702
valid1021,0.16222222222222221
valid1022,0.20514285714285715
valid1023,-0.19
valid1024,-0.093079365079365081
valid1025,0.50322222222222224
valid1026,0.1331111111111111
valid1027,0.49608465608465613
valid1028,-0.20523809523809522
valid1029,-0.11738624338624339
valid1030,-0.059999999999999998
valid1031,-1.0
valid1032,0.57419047619047625
valid1033,0.59845502645502635
valid1034,0.004000000000000001
valid1035,0.75028571428571422
valid1036,0.14417460317460318
valid1037,-0.0056931216931216978
valid1038,0.2226349206349206
valid1039,0.13082539682539682
valid1040,-0.38688888888888895
valid1041,-0.66030303030303028
valid1042,-0.30011640211640211
valid1043,0.28333333333333333
valid1044,-0.12555555555555556
valid1045,0.031365079365079367
valid1046,-0.11702116402116403
valid1047,-0.017984126984126981
valid1048,-0.29628571428571426
valid1049,0.01911111111111111
valid1050,0.01111111111111111
valid1051,0.14200000000000002
valid1052,-0.84609523809523812
valid1053,0.24400000000000002
valid1054,0.81444444444444453
valid1055,-0.86333333333333329
valid1056,0.69453968253968246
valid1057,-0.026666666666666668
valid1058,-0.017015873015873016
valid1059,-0.032666666666666663
valid1060,-0.12531746031746033
valid1061,-0.53161904761904755
valid1062,-0.078000000000000014
valid1063,0.94666666666666666
valid1064,0.0093333333333333324
valid1065,0.087317460317460308
valid1066,0.12898412698412698
valid1067,0.013333333333333334
valid1068,0.045460317460317465
valid1069,-0.16771428571428573
valid1070,-0.1916984126984127
valid1071,-0.31473015873015875
valid1072,0.013333333333333334
valid1073,-0.1653333333333333
valid1074,0.94088888888888889
valid1075,0.0099047619047619058
valid1076,-0.26046464646464651
valid1077,0.06647619047619048
valid1078,-0.0055555555555555592
valid1079,-0.084809523809523793
valid1080,0.094190476190476199
valid1081,0.0044444444444444436
valid1082,-0.027492063492063502
valid1083,1.0
valid1084,-0.98666666666666669
valid1085,-0.050952380952380957
valid1086,-0.059947089947089957
valid1087,0.11847619047619046
valid1088,0.13195238095238096
valid1089,0.0095238095238095247
valid1090,0.92000000000000004
valid1091,-0.071746031746031738
valid1092,0.55505820105820092
valid1093,-0.044444444444444446
valid1094,-0.11574603174603179
valid1095,0.1291005291005291
valid1096,-0.020999999999999998
valid1097,0.029211640211640209
valid1098,0.93866666666666676
valid1099,0.14457142857142855
valid1100,-0.4404603174603175
valid1101,-0.1653968253968254
valid1102,-0.054444444444444441
valid1103,0.14655555555555555
valid1104,-0.51876190476190476
valid1105,0.16103174603174603
valid1106,-0.88142857142857145
valid1107,0.40155555555555561
valid1108,0.24767195767195768
valid1109,-0.65666666666666662
valid1110,-0.95666666666666667
valid1111,-0.22957671957671957
valid1112,-0.95111111111111124
valid1113,0.12826455026455028
valid1114,-0.99111111111111105
valid1115,-0.013333333333333334
valid1116,0.12711111111111112
valid1117,-0.20022222222222222
valid1118,0.0
valid1119,0.3311269841269841
valid1120,-0.59488888888888891
valid1121,-0.007142857142857153
valid1122,0.012666666666666658
valid1123,-0.086222222222222228
valid1124,0.21422222222222223
valid1125,0.075396825396825407
valid1126,-0.056338624338624355
valid1127,-0.34063492063492068
valid1128,0.092587301587301579
valid1129,-0.32992063492063495
valid1130,0.66395767195767197
valid1131,0.14055555555555554
valid1132,0.67730158730158729
valid1133,-0.66663492063492058
valid1134,-0.66700529100529105
valid1135,-0.62724867724867728
valid1136,-0.40999999999999998
valid1137,-0.094566137566137576
valid1138,0.90000000000000002
valid1139,0.0025079365079365124
valid1140,-0.48476719576719574
valid1141,0.048888888888888885
valid1142,-0.27979365079365082
valid1143,-0.97333333333333338
valid1144,-0.83888888888888891
valid1145,-0.2293968253968254
valid1146,0.5788888888888889
valid1147,-0.93174603174603177
valid1148,0.46104761904761904
valid1149,0.68514285714285716
valid1150,-0.023333333333333334
valid1151,0.2524603174603175
valid1152,0.12584126984126984
valid1153,-0.1866666666666667
valid1154,0.064761904761904771
valid1155,-0.011428571428571429
valid1156,-0.0066666666666666671
valid1157,-0.10939682539682538
valid1158,0.012523809523809533
valid1159,0.013333333333333334
valid1160,0.60644444444444434
valid1161,0.1035873015873016
valid1162,-0.1475238095238095
valid1163,0.052031746031746033
valid1164,0.98666666666666669
valid1165,0.23422222222222222
valid1166,0.039047619047619053
valid1167,0.84488888888888891
valid1168,1.0
valid1169,-0.011999999999999999
valid1170,-0.2251111111111111
valid1171,0.049555555555555554
valid1172,-0.61682539682539672
valid1173,-0.026761904761904761
valid1174,-0.017777777777777781
valid1175,-0.64193650793650792
valid1176,-0.60846031746031737
valid1177,-0.15852380952380954
valid1178,0.31279365079365085
valid1179,-0.32833333333333331
valid1180,-0.13577777777777778
valid1181,-0.068962962962962948
valid1182,-0.61968253968253972
valid1183,-0.44551322751322742
valid1184,-0.04533333333333333
valid1185,-0.084126984126984133
valid1186,0.05857142857142858
valid1187,-0.050222222222222224
valid1188,0.0
valid1189,-0.093629629629629632
valid1190,-0.37120634920634926
valid1191,-0.96799999999999997
valid1192,0.98666666666666669
valid1193,-0.040095238095238087
valid1194,1.0
valid1195,0.98666666666666669
valid1196,-0.28628571428571425
valid1197,0.097285714285714295
valid1198,0.054888888888888897
valid1199,0.12044444444444444
valid1200,0.20564550264550263
valid1201,0.22
valid1202,-0.62957142857142856
valid1203,-0.39476190476190476
valid1204,0.92666666666666664
valid1205,0.1778888888888889
valid1206,1.0
valid1207,1.0
valid1208,-0.19908994708994709
valid1209,-0.0003174603174603193
valid1210,0.16777777777777778
valid1211,-0.31755555555555559
valid1212,0.074822029822029817
valid1213,-0.23236988936988942
valid1214,0.14591005291005293
valid1215,-0.17117460317460315
valid1216,0.051111111111111114
valid1217,0.58682539682539681
valid1218,-0.42138095238095236
valid1219,0.14533333333333331
valid1220,0.0
valid1221,0.024000000000000004
valid1222,-0.07047619047619047
valid1223,-0.049761904761904771
valid1224,0.96968253968253959
valid1225,0.062407407407407404
valid1226,1.0
valid1227,-0.15625396825396826
valid1228,-0.2966455026455026
valid1229,-0.97066666666666668
valid1230,-0.026682539682539683
valid1231,0.2421197691197691
valid1232,0.58899999999999997
valid1233,-0.11933333333333332
valid1234,-0.91022222222222215
valid1235,0.05888888888888888
valid1236,0.99333333333333329
valid1237,-0.01
valid1238,-0.079634920634920614
valid1239,0.0
valid1240,0.15933333333333335
valid1241,-0.078095238095238106
valid1242,-0.17025396825396827
valid1243,-0.070888888888888876
valid1244,-0.090507936507936509
valid1245,0.8666666666666667
valid1246,0.024
valid1247,-0.40903703703703709
valid1248,0.13092063492063494
valid1249,0.35566666666666669
valid1250,0.16936507936507936
valid1251,0.20429629629629631
valid1252,0.5557777777777777
valid1253,-0.013333333333333334
valid1254,0.2034761904761905
valid1255,0.20811111111111111
valid1256,0.17644444444444446
valid1257,0.072497354497354505
valid1258,0.0
valid1259,-0.1974761904761905
valid1260,-0.84222222222222232
valid1261,0.2266984126984127
valid1262,0.14579365079365084
valid1263,0.70869841269841261
valid1264,0.014444444444444444
valid1265,0.15968253968253965
valid1266,0.038185185185185176
valid1267,-0.018984126984126989
valid1268,-0.023169312169312162
valid1269,-1.0
valid1270,-0.023947089947089963
valid1271,0.24393650793650792
valid1272,0.019904761904761904
valid1273,-1.0
valid1274,-1.0
valid1275,0.26533333333333331
valid1276,0.13714285714285712
valid1277,0.20751851851851852
valid1278,-0.090111111111111114
valid1279,0.13222222222222221
valid1280,-0.20765079365079367
valid1281,-0.51526984126984121
valid1282,0.0
valid1283,0.12801587301587303
valid1284,0.3422857142857143
valid1285,0.12959163059163059
valid1286,-0.033370370370370377
valid1287,-0.011746031746031746
valid1288,-0.36221164021164021
valid1289,0.0062222222222222297
valid1290,0.061825396825396825
valid1291,-0.079777777777777795
valid1292,0.72100000000000009
valid1293,0.74377777777777776
valid1294,-0.063862433862433857
valid1295,0.97066666666666668
valid1296,0.04066666666666667
valid1297,0.99333333333333329
valid1298,0.24217460317460318
valid1299,0.093714285714285708
valid1300,0.078888888888888883
valid1301,0.22930158730158734
valid1302,-0.075619047619047614
valid1303,0.18066666666666667
valid1304,-0.9078518518518518
valid1305,-0.086787878787878775
valid1306,-0.15644444444444447
valid1307,-0.16022222222222221
valid1308,0.60044444444444456
valid1309,-0.3079047619047619
valid1310,-0.7713333333333332
valid1311,-0.22509523809523807
valid1312,0.014285714285714285
valid1313,-0.11230158730158731
valid1314,0.31098941798941798
valid1315,0.0088888888888888889
valid1316,0.052888888888888881
valid1317,0.76622222222222225
valid1318,0.2408253968253968
valid1319,0.032888888888888891
valid1320,-0.40638095238095234
valid1321,-1.0
valid1322,0.035063492063492074
valid1323,0.0052063492063492024
valid1324,-0.55085714285714282
valid1325,-0.13537037037037036
valid1326,0.99466666666666659
valid1327,-0.012222222222222221
valid1328,0.085777777777777786
valid1329,-0.085777777777777772
valid1330,-0.40165079365079365
valid1331,-0.60977777777777764
valid1332,0.50184126984126987
valid1333,0.20882539682539683
valid1334,0.056380952380952372
valid1335,-0.20180952380952383
valid1336,0.11935449735449737
valid1337,0.557968253968254
valid1338,0.99066666666666658
valid1339,-0.17146031746031745
valid1340,0.0
valid1341,-1.0
valid1342,-0.65222222222222215
valid1343,0.16955555555555557
valid1344,0.048000000000000001
valid1345,-1.0
valid1346,-0.11365079365079366
valid1347,0.040047619047619054
valid1348,-0.23980952380952383
valid1349,0.015555555555555557
valid1350,-0.083523809523809486
valid1351,0.20611111111111108
valid1352,0.22800000000000001
valid1353,0.023841269841269844
valid1354,0.30489947089947095
valid1355,0.5944126984126985
valid1356,-0.68390476190476179
valid1357,-0.58120634920634917
valid1358,1.0
valid1359,-0.088571428571428565
valid1360,0.36882539682539689
valid1361,-0.26054497354497352
valid1362,-0.18377777777777779
valid1363,0.077650793650793665
valid1364,0.081555555555555562
valid1365,-0.72933333333333339
valid1366,0.11996825396825396
valid1367,0.044333333333333315
valid1368,-0.097989417989417987
valid1369,0.067777777777777784
valid1370,-0.16893650793650794
valid1371,0.97311111111111115
valid1372,0.013333333333333334
valid1373,0.17140740740740742
valid1374,-1.0
valid1375,-0.045951566951566943
valid1376,-0.61425396825396816
valid1377,-0.48644444444444446
valid1378,0.04214814814814815
valid1379,1.0
valid1380,-0.051999999999999991
valid1381,0.27222222222222225
valid1382,-0.51733333333333342
valid1383,0.13498412698412698
valid1384,0.13693650793650791
valid1385,0.5626349206349206
valid1386,-0.12088888888888888
valid1387,0.42520634920634925
valid1388,0.13955555555555554
valid1389,0.29371428571428571
valid1390,-0.0073333333333333341
valid1391,0.99365079365079378
valid1392,-0.11253968253968254
valid1393,-0.040000000000000001
valid1394,-0.01
valid1395,0.38132275132275129
valid1396,0.067714285714285713
valid1397,0.031507936507936506
valid1398,0.33149206349206345
valid1399,0.37111111111111111
valid1400,-0.33668253968253969
valid1401,0.016666666666666666
valid1402,0.86011111111111105
valid1403,0.12855555555555553
valid1404,0.31567003367003371
valid1405,0.64411111111111119
valid1406,-0.60859259259259257
valid1407,-0.026444444444444441
valid1408,0.093079365079365081
valid1409,-0.034000000000000002
valid1410,0.15504761904761907
valid1411,0.07763492063492064
valid1412,0.065502645502645507
valid1413,0.06777777777777777
valid1414,-0.16400000000000001
valid1415,0.15281481481481479
valid1416,0.18368253968253972
valid1417,-0.059301587301587307
valid1418,-0.04544444444444444
valid1419,-0.18409523809523809
valid1420,1.0
valid1421,0.058666666666666673
valid1422,-0.15576719576719575
valid1423,-0.17947041847041847
valid1424,0.26877777777777778
valid1425,-0.21375661375661376
valid1426,-0.26333333333333331
valid1427,-0.12218518518518517
valid1428,1.0
valid1429,-0.24574074074074076
valid1430,-0.2593333333333333
valid1431,-0.12280952380952383
valid1432,0.092529100529100544
valid1433,-0.029333333333333336
valid1434,0.57300000000000006
valid1435,-0.025333333333333333
valid1436,-0.98666666666666669
valid1437,0.013333333333333334
valid1438,-0.021603174603174593
valid1439,0.062666666666666662
valid1440,-0.49711111111111106
valid1441,-0.10214285714285713
valid1442,0.55462962962962958
valid1443,1.0
valid1444,0.16883597883597881
valid1445,-0.051984126984126994
valid1446,0.27076190476190476
valid1447,-0.219
valid1448,-0.17833333333333334
valid1449,0.020666666666666663
valid1450,0.11933333333333332
valid1451,0.048396825396825403
valid1452,0.83148148148148138
valid1453,-0.0044444444444444444
valid1454,-0.14083597883597881
valid1455,0.14901587301587302
valid1456,-0.0024242424242424242
valid1457,0.24588888888888888
valid1458,0.78800000000000003
valid1459,0.24376190476190479
valid1460,0.0033333333333333335
valid1461,-0.11466666666666667
valid1462,-0.47896825396825399
valid1463,-0.076666666666666661
valid1464,0.48292063492063497
valid1465,0.28828571428571426
valid1466,-1.0
valid1467,0.14731746031746035
valid1468,0.038920634920634925
valid1469,0.067391534391534377
valid1470,-0.05093650793650794
valid1471,-0.14518518518518519
valid1472,0.99399999999999999
valid1473,-0.98222222222222233
valid1474,-0.1691587301587302
valid1475,-0.14899999999999999
valid1476,0.063301587301587303
valid1477,-0.096380952380952387
valid1478,0.0
valid1479,-0.10490476190476192
valid1480,0.013333333333333334
valid1481,-0.08372486772486773
valid1482,0.18933333333333333
valid1483,-0.081444444444444444
valid1484,-0.15104761904761907
valid1485,-0.95952380952380967
valid1486,0.064063492063492072
valid1487,-0.17622222222222222
valid1488,0.80122222222222228
valid1489,0.066126984126984117
valid1490,-0.31773544973544976
valid1491,-0.028555555555555556
valid1492,0.0
valid1493,0.036158730158730147
valid1494,0.51850793650793647
valid1495,-0.11
valid1496,0.49505772005771992
valid1497,-0.022761904761904764
valid1498,-0.0022222222222222222
valid1499,0.16833333333333333
valid1500,-0.43214814814814817
valid1501,0.035174603174603185
valid1502,-0.96444444444444455
valid1503,0.1502222222222222
valid1504,0.01111111111111111
valid1505,-0.026888888888888889
valid1506,0.013333333333333334
valid1507,0.0477037037037037
valid1508,-0.91600000000000004
valid1509,-0.028666666666666667
valid1510,-0.010497354497354495
valid1511,0.98666666666666669
valid1512,-0.080550264550264553
valid1513,-0.1128253968253968
valid1514,0.04127513227513227
valid1515,0.29384126984126985
valid1516,-0.40253968253968248
valid1517,-0.059333333333333335
valid1518,0.041777777777777782
valid1519,-0.12
valid1520,1.0
valid1521,-0.13196825396825398
valid1522,0.13896296296296298
valid1523,-0.057619047619047604
valid1524,0.063047619047619033
valid1525,-0.14933333333333332
valid1526,0.046222222222222227
valid1527,0.28422222222222221
valid1528,-0.0088888888888888889
valid1529,0.41748148148148145
valid1530,-0.43144444444444446
valid1531,0.98333333333333328
valid1532,0.21431746031746035
valid1533,0.068063492063492062
valid1534,0.050666666666666672
valid1535,-0.0033333333333333392
valid1536,0.22103703703703706
valid1537,-0.0015555555555555559
valid1538,-0.42515873015873012
valid1539,-0.088285714285714287
valid1540,-0.022666666666666665
valid1541,0.15912698412698414
valid1542,0.20839682539682541
valid1543,-1.0
valid1544,-0.058968253968253968
valid1545,-0.18426984126984125
valid1546,-0.71940740740740738
valid1547,-0.11955026455026456
valid1548,0.25014814814814818
valid1549,0.27566666666666662
valid1550,-0.074412698412698416
valid1551,-0.29699999999999999
valid1552,-0.052424242424242422
valid1553,-0.087111111111111098
valid1554,0.94450793650793652
valid1555,-0.39777777777777779
valid1556,-0.55980952380952376
valid1557,-0.59778210678210686
valid1558,-0.12
valid1559,-0.23372486772486772
valid1560,0.034285714285714287
valid1561,-0.011857142857142865
valid1562,-0.29976190476190473
valid1563,0.87
valid1564,-0.10403174603174603
valid1565,-0.052444444444444446
valid1566,-0.029333333333333336
valid1567,-0.24819047619047618
valid1568,-0.27387301587301588
valid1569,-0.041238095238095254
valid1570,-0.78333333333333333
valid1571,0.066412698412698409
valid1572,0.020952380952380951
valid1573,0.95200000000000007
valid1574,-0.093333333333333338
valid1575,0.82222222222222219
valid1576,-0.90000000000000002
valid1577,0.032444444444444442
valid1578,-0.1160952380952381
valid1579,0.013333333333333334
valid1580,0.37298412698412697
valid1581,0.07114285714285716
valid1582,-0.14077777777777778
valid1583,0.97999999999999998
valid1584,0.022992784992784981
valid1585,0.16199999999999998
valid1586,-0.0066666666666666671
valid1587,0.81431746031746033
valid1588,0.96999999999999997
valid1589,0.48715873015873018
valid1590,0.99333333333333329
valid1591,-0.28203703703703709
valid1592,-0.15041269841269839
valid1593,-0.078888888888888897
valid1594,0.1187777777777778
valid1595,0.033555555555555554
valid1596,-0.95974603174603168
valid1597,0.47644444444444445
valid1598,-1.0
valid1599,0.10414285714285713
valid1600,-0.1184126984126984
valid1601,-0.051238095238095242
valid1602,0.24369841269841269
valid1603,0.21466666666666664
valid1604,0.28638095238095235
valid1605,-0.086687830687830675
valid1606,0.17507936507936511
valid1607,-0.2972063492063492
valid1608,-0.018444444444444451
valid1609,-0.11553968253968255
valid1610,-0.67485714285714293
valid1611,-0.12919047619047619
valid1612,0.45787301587301582
valid1613,0.97333333333333338
valid1614,0.52857142857142847
valid1615,-0.027571428571428563
valid1616,1.0
valid1617,0.18674074074074076
valid1618,0.16238961038961039
valid1619,0.24644444444444447
valid1620,-0.040666666666666663
valid1621,0.055185185185185177
valid1622,-0.067832130832130827
valid1623,-1.0
valid1624,0.13412698412698412
valid1625,0.016349206349206349
valid1626,0.04763492063492062
valid1627,0.97333333333333338
valid1628,0.9111111111111112
valid1629,0.084317460317460333
valid1630,0.79070129870129879
valid1631,-0.0066666666666666662
valid1632,-0.077449735449735463
valid1633,-0.048095238095238094
valid1634,-0.22939682539682538
valid1635,0.018349206349206337
valid1636,-0.018666666666666665
valid1637,0.33680952380952384
valid1638,0.048888888888888885
valid1639,-0.0044444444444444453
valid1640,-0.15181481481481479
valid1641,0.092777777777777778
valid1642,0.46234920634920634
valid1643,0.37653968253968256
valid1644,-0.019629629629629632
valid1645,0.33552380952380956
valid1646,-0.28310052910052907
valid1647,0.056576719576719572
valid1648,0.11152380952380953
valid1649,0.98666666666666669
valid1650,0.19953968253968254
valid1651,-0.15177777777777776
valid1652,-0.17831746031746032
valid1653,0.050650793650793648
valid1654,0.17723809523809522
valid1655,0.1654920634920635
valid1656,-0.42969841269841275
valid1657,-0.031111111111111107
valid1658,0.042116402116402114
valid1659,-0.054566137566137568
valid1660,0.17599999999999999
valid1661,-0.0033333333333333335
valid1662,0.073333333333333348
valid1663,0.077428571428571444
valid1664,0.37212698412698414
valid1665,0.077777777777777779
valid1666,-0.21554497354497351
valid1667,0.013333333333333334
valid1668,0.77933333333333332
valid1669,0.053206349206349209
valid1670,-0.93968253968253956
valid1671,-0.029629629629629631
valid1672,-0.064190476190476201
valid1673,0.097555555555555562
valid1674,-0.37701010101010096
valid1675,-0.32603174603174601
valid1676,0.13095767195767194
valid1677,1.0
valid1678,0.07073015873015874
valid1679,0.17496825396825397
valid1680,-0.12434920634920635
valid1681,0.22777777777777777
valid1682,0.95399999999999996
valid1683,0.067059163059163068
valid1684,0.030158730158730159
valid1685,-0.035555555555555556
valid1686,-0.23841269841269838
valid1687,-0.20888888888888885
valid1688,0.071587301587301588
valid1689,-0.60501587301587301
valid1690,-0.76622222222222225
valid1691,0.050269841269841277
valid1692,0.76231746031746028
valid1693,-0.3158306878306878
valid1694,0.25315873015873014
valid1695,0.11831746031746031
valid1696,-0.0018412698412698407
valid1697,-0.82792063492063495
valid1698,0.11505291005291006
valid1699,1.0
valid1700,-0.4688148148148148
valid1701,-0.27373015873015871
valid1702,-0.01822222222222222
valid1703,0.051238095238095242
valid1704,-0.014666666666666668
valid1705,-0.37174603174603171
valid1706,-0.98222222222222233
valid1707,0.012968253968253967
valid1708,0.21482539682539681
valid1709,0.1408571428571429
valid1710,-1.0
valid1711,-0.18652380952380954
valid1712,-0.18146031746031749
valid1713,-0.22674074074074074
valid1714,-1.0
valid1715,0.29622222222222222
valid1716,-0.74333333333333329
valid1717,-0.078888888888888897
valid1718,-0.29823280423280424
valid1719,-0.048841269841269838
valid1720,0.9064444444444445
valid1721,-0.14855555555555555
valid1722,-0.21377777777777776
valid1723,0.052571428571428561
valid1724,-0.40211111111111109
valid1725,0.0073015873015873055
valid1726,0.14050793650793647
valid1727,-0.047428571428571438
valid1728,-0.15122222222222223
valid1729,0.0066666666666666671
valid1730,-1.0
valid1731,-0.51888888888888896
valid1732,0.0023703703703703751
valid1733,0.99333333333333329
valid1734,0.95999999999999996
valid1735,0.18471957671957673
valid1736,1.0
valid1737,0.093333333333333338
valid1738,0.026666666666666668
valid1739,-0.21611111111111109
valid1740,0.081777777777777769
valid1741,0.66955555555555546
valid1742,0.35788888888888887
valid1743,-0.077555555555555558
valid1744,0.98222222222222233
valid1745,-0.045396825396825387
valid1746,0.20800000000000002
valid1747,1.0
valid1748,0.080888888888888885
valid1749,-0.87111111111111128
valid1750,-0.21974603174603174
valid1751,-0.58431746031746035
valid1752,-0.0012380952380952367
valid1753,0.97333333333333338
valid1754,0.94222222222222207
valid1755,-0.24638095238095237
valid1756,-0.069619047619047622
valid1757,1.0
valid1758,0.82336796536796542
valid1759,-0.24317460317460313
valid1760,-0.0040740740740740728
valid1761,0.16844444444444445
valid1762,-0.1975132275132275
valid1763,0.87044444444444447
valid1764,0.07955555555555556
valid1765,-0.27609523809523806
valid1766,-0.96476190476190482
valid1767,-0.10974603174603174
valid1768,1.0
valid1769,0.11146031746031745
valid1770,-0.98666666666666669
valid1771,-0.38049206349206349
valid1772,0.14228571428571427
valid1773,-0.03833333333333333
valid1774,-0.48892063492063492
valid1775,-0.10438095238095237
valid1776,-0.048888888888888885
valid1777,-0.32492063492063489
valid1778,-0.13955555555555554
valid1779,-1.0
valid1780,-0.48888888888888887
valid1781,-0.0071111111111111123
valid1782,-0.059333333333333335
valid1783,-0.62749206349206343
valid1784,0.93770370370370382
valid1785,0.23611111111111113
valid1786,0.24917460317460319
valid1787,-0.68629629629629629
valid1788,0.032126984126984122
valid1789,-0.051555555555555556
valid1790,-0.081777777777777796
valid1791,0.70898412698412705
valid1792,-0.21473015873015877
valid1793,0.075079365079365065
valid1794,-0.98666666666666669
valid1795,0.15108994708994708
valid1796,-0.017111111111111108
valid1797,-0.25
valid1798,0.067460317460317457
valid1799,0.46560317460317452
valid1800,-0.46263492063492068
valid1801,0.46887301587301589
valid1802,-0.23390476190476187
valid1803,0.2265978835978836
valid1804,0.013333333333333334
valid1805,-0.65353968253968253
valid1806,0.040984126984126977
valid1807,0.10583597883597883
valid1808,-0.090064935064935084
valid1809,0.0
valid1810,-0.33700000000000002
valid1811,0.028888888888888888
valid1812,0.78555555555555567
valid1813,0.057365079365079362
valid1814,0.45047619047619047
valid1815,0.14942857142857144
valid1816,-0.46050793650793653
valid1817,-0.028888888888888888
valid1818,0.20540211640211645
valid1819,-0.028888888888888888
valid1820,-0.25631746031746033
valid1821,-0.042222222222222223
valid1822,-0.11825396825396825
valid1823,0.075269841269841251
valid1824,0.2712910052910053
valid1825,0.064238095238095247
valid1826,0.48688888888888887
valid1827,-0.16587301587301587
valid1828,0.049365079365079362
valid1829,0.58999999999999997
valid1830,-1.0
valid1831,-0.031111111111111107
valid1832,-0.20433333333333331
valid1833,-0.019428571428571434
valid1834,-0.22606349206349202
valid1835,0.36011111111111116
valid1836,0.41961904761904756
valid1837,-0.098603174603174623
valid1838,0.18244444444444444
valid1839,0.12822751322751322
valid1840,-0.13292063492063491
valid1841,-0.98444444444444457
valid1842,0.26582010582010585
valid1843,-0.60144444444444445
valid1844,0.49442857142857149
valid1845,0.37749206349206349
valid1846,-0.15720634920634921
valid1847,-0.032650793650793652
valid1848,1.0
valid1849,-0.052857142857142859
valid1850,-0.1246031746031746
valid1851,-0.032296296296296295
valid1852,0.011349206349206348
valid1853,-0.16695238095238094
valid1854,-0.11517460317460317
valid1855,-0.13888888888888887
valid1856,-0.47320634920634919
valid1857,1.0
valid1858,0.13455555555555554
valid1859,-0.063015873015873011
valid1860,0.11933333333333335
valid1861,-0.25165608465608463
valid1862,-0.44130158730158731
valid1863,0.50730158730158736
valid1864,0.12866666666666665
valid1865,0.065460317460317455
valid1866,0.92755555555555547
valid1867,-0.13385185185185183
valid1868,-0.10822222222222223
valid1869,-0.72476190476190483
valid1870,-0.82385185185185184
valid1871,0.21153968253968253
valid1872,0.186
valid1873,-0.96333333333333337
valid1874,0.12422222222222222
valid1875,0.44688888888888895
valid1876,-0.14073015873015871
valid1877,-0.017777777777777778
valid1878,0.2503333333333333
valid1879,0.43459259259259264
valid1880,0.27199999999999996
valid1881,-0.068777777777777771
valid1882,0.21457142857142855
valid1883,-0.12498412698412698
valid1884,1.0
valid1885,0.2741481481481482
valid1886,0.0
valid1887,-0.056423280423280438
valid1888,-0.66733333333333333
valid1889,0.067222222222222225
valid1890,-0.30833333333333335
valid1891,-0.075296296296296306
valid1892,-0.026666666666666668
valid1893,-0.0012698412698412698
valid1894,-0.98666666666666669
valid1895,-0.58449735449735452
valid1896,-0.028444444444444442
valid1897,-0.3363174603174604
valid1898,-0.58691534391534395
valid1899,0.081518518518518518
valid1900,0.41187301587301584
valid1901,0.1252010582010582
valid1902,-0.0051428571428571435
valid1903,-0.071111111111111111
valid1904,0.10177777777777777
valid1905,-0.49204761904761901
valid1906,0.42922222222222217
valid1907,-0.50558730158730159
valid1908,0.33923809523809523
valid1909,-0.069666666666666668
valid1910,-0.15190476190476193
valid1911,0.93999999999999995
valid1912,-0.27223809523809528
valid1913,-0.98222222222222233
valid1914,-1.0
valid1915,0.02123809523809524
valid1916,0.10666666666666667
valid1917,-0.41146031746031742
valid1918,-0.21073015873015871
valid1919,0.051000000000000004
valid1920,-0.043777777777777777
valid1921,0.45888888888888896
valid1922,0.0
valid1923,-0.12267724867724868
valid1924,0.88844444444444448
valid1925,-0.3160952380952381
valid1926,0.4565873015873016
valid1927,0.5451111111111111
valid1928,-0.057777777777777775
valid1929,0.57849831649831662
valid1930,-0.027666666666666669
valid1931,0.0043650793650793669
valid1932,-0.0010101010101010077
valid1933,-0.0050476190476190534
valid1934,0.074190476190476182
valid1935,-0.49544444444444452
valid1936,0.071000000000000008
valid1937,-0.02912698412698413
valid1938,-0.24892592592592591
valid1939,0.04688888888888889
valid1940,0.096666666666666665
valid1941,-0.95777777777777773
valid1942,0.089650793650793634
valid1943,0.33108994708994705
valid1944,0.036592592592592593
valid1945,0.16864550264550265
valid1946,-0.19495238095238096
valid1947,0.16199999999999998
valid1948,0.13047619047619047
valid1949,-0.003074074074074075
valid1950,0.093333333333333351
valid1951,0.026666666666666668
valid1952,-0.63000000000000012
valid1953,0.27409523809523811
valid1954,0.27230158730158732
valid1955,0.089851851851851849
valid1956,1.0
valid1957,0.1146031746031746
valid1958,0.46349206349206346
valid1959,-0.22387301587301589
valid1960,0.11247619047619047
valid1961,0.048111111111111104
valid1962,0.048888888888888891
valid1963,0.1863333333333333
valid1964,0.10244444444444446
valid1965,0.14752380952380953
valid1966,-0.20047474747474747
valid1967,-0.042507936507936508
valid1968,0.017777777777777778
valid1969,0.74107936507936512
valid1970,0.10404761904761906
valid1971,0.064962962962962972
valid1972,0.02
valid1973,-0.021746031746031753
valid1974,0.74441269841269841
valid1975,0.15511111111111112
valid1976,-0.010269841269841271
valid1977,-0.20092063492063492
valid1978,0.27349206349206351
valid1979,-0.044539682539682539
valid1980,0.36960317460317466
valid1981,-0.077121693121693133
valid1982,-0.28409523809523807
valid1983,-0.30562962962962958
valid1984,-0.30169841269841269
valid1985,0.038666666666666669
valid1986,0.13920634920634919
valid1987,-0.067301587301587293
valid1988,0.079481481481481486
valid1989,0.2307936507936508
valid1990,0.19746560846560843
valid1991,-0.2395079365079365
valid1992,-0.027333333333333331
valid1993,0.30838095238095242
valid1994,-0.022349206349206351
valid1995,0.15858730158730158
valid1996,0.047904761904761901
valid1997,-0.29201587301587306
valid1998,0.48190476190476184
valid1999,0.0095873015873015853
valid2000,-0.27107936507936509
valid2001,0.31511111111111118
valid2002,0.075650793650793649
valid2003,-0.060042328042328029
valid2004,0.0
valid2005,0.10901587301587301
valid2006,0.01691005291005292
valid2007,-0.0027037037037036969
valid2008,0.010666666666666668
valid2009,0.53866666666666663
valid2010,0.21867724867724869
valid2011,-0.9231746031746032
valid2012,-0.022174603174603177
valid2013,0.65562481962481955
valid2014,0.12222222222222223
valid2015,0.98523809523809514
valid2016,0.0
valid2017,0.0039999999999999975
valid2018,0.090444444444444438
valid2019,0.11714285714285713
valid2020,-0.93333333333333335
valid2021,-0.30207407407407405
valid2022,-0.078126984126984128
valid2023,0.72380952380952379
valid2024,-0.1256190476190476
valid2025,-0.50419047619047619
valid2026,0.13342857142857142
valid2027,-0.47688888888888886
valid2028,0.17642857142857146
valid2029,0.2091428571428571
valid2030,-0.56822222222222218
valid2031,-0.053222222222222226
valid2032,-0.21187301587301585
valid2033,-0.042222222222222223
valid2034,0.0
valid2035,-0.5312486772486773
valid2036,0.14842279942279943
valid2037,-0.11577777777777779
valid2038,0.32406349206349211
valid2039,-0.15793650793650793
valid2040,0.97333333333333338
valid2041,-0.018555555555555554
valid2042,0.0
valid2043,-0.14629629629629629
valid2044,0.00088888888888888763
valid2045,0.11751851851851851
valid2046,0.90133333333333321
valid2047,0.39712698412698411
valid2048,0.087333333333333346
valid2049,0.04647619047619047
valid2050,0.50600000000000001
valid2051,0.20157671957671955
valid2052,0.32022222222222219
valid2053,0.0
valid2054,0.0033333333333333335
valid2055,-0.71888888888888891
valid2056,0.0
valid2057,0.23444444444444448
valid2058,0.90777777777777768
valid2059,0.31464021164021166
valid2060,0.36679365079365078
valid2061,-0.1077936507936508
valid2062,-0.029343915343915335
valid2063,-0.015333333333333332
valid2064,0.013333333333333334
valid2065,0.043539682539682552
valid2066,0.40412698412698417
valid2067,0.15582539682539684
valid2068,-0.13825396825396824
valid2069,0.039492063492063495
valid2070,-0.067999999999999991
valid2071,0.95857142857142852
valid2072,0.018000000000000002
valid2073,0.039380952380952378
valid2074,0.75800000000000001
valid2075,-1.0
valid2076,1.0
valid2077,0.81888888888888889
valid2078,0.30496825396825389
valid2079,0.11366666666666667
valid2080,0.49482539682539683
valid2081,1.0
valid2082,0.20393650793650792
valid2083,-0.012888888888888891
valid2084,0.44253968253968251
valid2085,-0.069788359788359788
valid2086,0.38866666666666672
valid2087,-0.35235978835978837
valid2088,-0.24192592592592593
valid2089,0.10104761904761905
valid2090,-0.081555555555555562
valid2091,0.71601587301587299
valid2092,-0.26233333333333336
valid2093,0.072888888888888892
valid2094,0.13214285714285712
valid2095,-0.90952380952380962
valid2096,0.055079365079365082
valid2097,0.010666666666666668
valid2098,0.18355555555555556
valid2099,-0.42206349206349209
valid2100,0.073809523809523811
valid2101,0.072857142857142856
valid2102,-1.0
valid2103,-0.026285714285714294
valid2104,0.28653968253968254
valid2105,0.01977777777777778
valid2106,-0.26517460317460317
valid2107,-0.56366666666666665
valid2108,0.0
valid2109,-0.16055555555555553
valid2110,-0.17064646464646466
valid2111,-0.094306878306878297
valid2112,0.35088888888888886
valid2113,-0.27088888888888885
valid2114,-0.48031746031746025
valid2115,0.28284126984126984
valid2116,-0.37858730158730158
valid2117,1.0
valid2118,0.92000000000000004
valid2119,-0.035238095238095228
valid2120,-0.013333333333333334
valid2121,0.33561904761904765
valid2122,0.37995238095238099
valid2123,0.013079365079365086
valid2124,0.6629841269841269
valid2125,-0.048148148148148148
valid2126,0.57938624338624334
valid2127,0.92857142857142849
valid2128,0.048888888888888891
valid2129,0.10147619047619046
valid2130,-0.12035816035816035
valid2131,-0.13492063492063491
valid2132,0.054444444444444441
valid2133,0.0
valid2134,-0.35285714285714287
valid2135,-1.0
valid2136,-0.05774603174603174
valid2137,-0.46177777777777779
valid2138,-0.95999999999999996
valid2139,-0.13641269841269843
valid2140,0.021333333333333336
valid2141,0.14158730158730159
valid2142,-0.5503809523809523
valid2143,0.76116305916305904
valid2144,-0.99318518518518506
valid2145,0.9966666666666667
valid2146,0.24919047619047618
valid2147,1.0
valid2148,-0.033142857142857141
valid2149,0.02507936507936508
valid2150,-0.11279365079365081
valid2151,0.10160846560846562
valid2152,0.90666666666666662
valid2153,-0.32566666666666672
valid2154,0.38628571428571423
valid2155,0.19669841269841268
valid2156,-0.19114285714285714
valid2157,-0.72133333333333338
valid2158,-0.028047619047619047
valid2159,0.05942328042328042
valid2160,0.30698412698412703
valid2161,-0.04533333333333333
valid2162,-0.071365079365079367
valid2163,-0.96799999999999997
valid2164,-0.87777777777777788
valid2165,-0.03177777777777778
valid2166,0.0
valid2167,-0.028761904761904759
valid2168,-0.23099999999999998
valid2169,-0.95952380952380967
valid2170,0.0030952380952380984
valid2171,0.32574603174603178
valid2172,-0.084063492063492076
valid2173,-0.67822222222222228
valid2174,0.14793121693121694
valid2175,0.37192063492063493
valid2176,-0.57774025974025978
valid2177,0.28155555555555556
valid2178,0.12495238095238095
valid2179,0.0
valid2180,-0.047777777777777773
valid2181,0.50119047619047619
valid2182,0.20441558441558438
valid2183,-0.24822222222222223
valid2184,-0.29823280423280424
valid2185,-0.18592592592592594
valid2186,-0.026666666666666668
valid2187,0.0023333333333333309
valid2188,-0.0097777777777777793
valid2189,0.7102222222222222
valid2190,0.88844444444444437
valid2191,-0.018222222222222223
valid2192,-0.3828571428571429
valid2193,-0.015460317460317464
valid2194,-0.044888888888888888
valid2195,0.25774603174603172
valid2196,-0.066412698412698409
valid2197,0.30279365079365078
valid2198,0.0016666666666666668
valid2199,0.0066666666666666671
valid2200,-0.047492063492063488
valid2201,-0.20366666666666663
valid2202,-1.0
valid2203,0.35571509971509968
valid2204,0.98222222222222233
valid2205,-0.24766666666666665
valid2206,-0.22930158730158728
valid2207,0.3033235653235653
valid2208,-0.092888888888888896
valid2209,0.08666666666666667
valid2210,0.32835449735449734
valid2211,0.14425396825396827
valid2212,0.0
valid2213,0.0
valid2214,-0.16644444444444445
valid2215,0.73507936507936511
valid2216,0.51447619047619053
valid2217,-0.34843386243386243
valid2218,-0.088079365079365077
valid2219,0.5397777777777778
valid2220,-0.30503174603174604
valid2221,0.56844444444444442
valid2222,0.74014814814814811
valid2223,0.16507936507936508
valid2224,0.088412698412698415
valid2225,0.030666666666666665
valid2226,0.17761904761904765
valid2227,-0.97333333333333338
valid2228,0.748
valid2229,1.0
valid2230,0.27603174603174602
valid2231,0.10622222222222222
valid2232,-0.1223174603174603
valid2233,-0.31357142857142856
valid2234,0.85044444444444445
valid2235,0.5633650793650794
valid2236,0.76565079365079358
valid2237,0.028412698412698414
valid2238,-0.21728042328042327
valid2239,0.38344444444444442
valid2240,-0.014063492063492061
valid2241,-0.25288888888888889
valid2242,0.089699855699855696
valid2243,-0.98666666666666669
valid2244,0.15770274170274171
valid2245,0.038587301587301601
valid2246,-0.0031428571428571434
valid2247,-0.97333333333333338
valid2248,0.013333333333333334
valid2249,-0.002666666666666667
valid2250,0.80681481481481487
valid2251,-0.27859259259259256
valid2252,-0.043015873015873014
valid2253,0.17380952380952383
valid2254,-0.90222222222222226
valid2255,-0.22973015873015873
valid2256,-0.22831746031746031
valid2257,-0.029206349206349208
valid2258,-0.97555555555555562
valid2259,-0.11117460317460318
valid2260,0.052777777777777778
valid2261,-0.19198412698412695
valid2262,0.10913227513227514
valid2263,-0.0057142857142857143
valid2264,0.31965079365079369
valid2265,0.15886387686387687
valid2266,0.039603174603174598
valid2267,0.11811640211640211
valid2268,0.018222222222222223
valid2269,0.93555555555555558
valid2270,0.66628571428571437
valid2271,-0.15241269841269842
valid2272,-0.17466666666666669
valid2273,0.22511111111111107
valid2274,-1.0
valid2275,0.47392063492063491
valid2276,0.0070317460317460365
valid2277,0.20144444444444445
valid2278,-0.73444444444444446
valid2279,-0.39022222222222219
valid2280,-0.98666666666666669
valid2281,0.50137037037037047
valid2282,0.0022222222222222222
valid2283,-1.0
valid2284,-0.35368253968253965
valid2285,-0.12338528138528138
valid2286,-0.30596296296296299
valid2287,-0.39344444444444443
valid2288,0.0
valid2289,-1.0
valid2290,-1.0
valid2291,0.68948148148148158
valid2292,0.0
valid2293,-0.19511111111111112
valid2294,-0.61379365079365078
valid2295,0.80822222222222218
valid2296,-0.053111111111111109
valid2297,0.18997883597883597
valid2298,0.38355555555555554
valid2299,-0.040888888888888884
valid2300,0.10147089947089948
valid2301,0.16440404040404041
valid2302,0.023111111111111114
valid2303,-0.5000591630591632
valid2304,-0.88200000000000012
valid2305,0.91488888888888897
valid2306,-1.0
valid2307,-0.22725396825396829
valid2308,0.99365079365079378
valid2309,0.03833333333333333
valid2310,-0.21342857142857141
valid2311,-0.43066666666666664
valid2312,0.11165079365079364
valid2313,0.30855555555555558
valid2314,-0.95318518518518502
valid2315,0.45058730158730165
valid2316,-0.70732275132275135
valid2317,-0.043164021164021162
valid2318,-0.026666666666666668
valid2319,0.090253968253968253
valid2320,0.98333333333333328
valid2321,-0.016920634920634919
valid2322,-0.80466666666666664
valid2323,0.20177777777777775
valid2324,0.23107936507936505
valid2325,-0.0088888888888888889
valid2326,0.83444444444444443
valid2327,0.015555555555555553
valid2328,-0.0069841269841269833
valid2329,-0.29952380952380953
valid2330,-0.053015873015873016
valid2331,0.067333333333333328
valid2332,-0.020968253968253976
valid2333,-0.017317460317460315
valid2334,0.33574074074074078
valid2335,-0.14933333333333332
valid2336,0.040000000000000001
valid2337,1.0
valid2338,-0.21303174603174602
valid2339,-0.27915873015873022
valid2340,-0.065825396825396829
valid2341,0.20177777777777778
valid2342,-0.01555555555555555
valid2343,0.13503174603174603
valid2344,-0.19688888888888886
valid2345,0.13684126984126985
valid2346,-0.032380952380952385
valid2347,-0.37546464646464645
valid2348,-0.093206349206349196
valid2349,0.70587301587301587
valid2350,-0.048444444444444443
valid2351,-0.16799999999999998
valid2352,0.97333333333333338
valid2353,-0.53176190476190466
valid2354,-0.77344444444444449
valid2355,1.0
valid2356,-0.50955555555555554
valid2357,0.95666666666666667
valid2358,-0.22007407407407409
valid2359,0.98666666666666669
valid2360,0.30485714285714283
valid2361,0.13196825396825393
valid2362,0.56409523809523809
valid2363,-0.036571428571428574
valid2364,0.43585185185185188
valid2365,-0.069396825396825387
valid2366,0.88500000000000001
valid2367,0.12469841269841271
valid2368,0.013333333333333334
valid2369,-0.12898412698412701
valid2370,0.039746031746031751
valid2371,0.9204444444444444
valid2372,-0.10400000000000001
valid2373,-0.14493650793650792
valid2374,-1.0
valid2375,-0.0012222222222222237
valid2376,-0.31552380952380954
valid2377,0.68522222222222218
valid2378,-0.078666666666666663
valid2379,0.046666666666666676
valid2380,-0.14690476190476187
valid2381,-0.0035714285714285735
valid2382,0.077761904761904768
valid2383,-0.02507936507936508
valid2384,0.60582539682539682
valid2385,-0.46088888888888896
valid2386,-0.3460793650793651
valid2387,-0.53066137566137572
valid2388,0.02311111111111111
valid2389,0.95333333333333337
valid2390,-0.054444444444444455
valid2391,0.77000000000000002
valid2392,-0.002666666666666667
valid2393,0.0
valid2394,0.97777777777777775
valid2395,-0.047777777777777773
valid2396,-1.0
valid2397,-1.0
valid2398,0.21626455026455024
valid2399,-0.31304761904761907
valid2400,0.0060000000000000001
valid2401,0.99777777777777787
valid2402,-0.81777777777777783
valid2403,-0.016
valid2404,-0.095365079365079361
valid2405,-0.081587301587301583
valid2406,-0.41066666666666668
valid2407,-0.18204761904761901
valid2408,-0.020920634920634906
valid2409,-0.29466666666666663
valid2410,-0.40599999999999992
valid2411,-0.95999999999999996
valid2412,0.018380952380952376
valid2413,0.17133333333333337
valid2414,0.0088888888888888889
valid2415,0.045428571428571415
valid2416,0.22296825396825398
valid2417,-0.030444444444444448
valid2418,0.042714285714285725
valid2419,-0.4858412698412698
valid2420,0.72523809523809524
valid2421,0.30844444444444447
valid2422,-0.83666666666666667
valid2423,0.0052275132275132327
valid2424,-0.45828571428571424
valid2425,0.11599999999999999
valid2426,-0.17247619047619048
valid2427,-0.17917460317460315
valid2428,0.24068253968253969
valid2429,-1.0
valid2430,0.59822222222222221
valid2431,-0.28288888888888886
valid2432,0.080000000000000016
valid2433,0.37038095238095231
valid2434,-0.31765079365079363
valid2435,0.0
valid2436,0.19363492063492063
valid2437,-0.69631746031746022
valid2438,0.067301587301587293
valid2439,0.091111111111111115
valid2440,-0.027333333333333331
valid2441,-0.024444444444444446
valid2442,0.073301587301587312
valid2443,0.0
valid2444,0.29481481481481475
valid2445,0.21866666666666665
valid2446,0.10861904761904763
valid2447,0.0
valid2448,0.16844444444444442
valid2449,0.069206349206349216
valid2450,0.0
valid2451,0.09799999999999999
valid2452,0.29482539682539682
valid2453,0.12444444444444445
valid2454,-1.0
valid2455,-0.0022222222222222218
valid2456,0.22074074074074071
valid2457,0.14216161616161618
valid2458,0.86777777777777787
valid2459,0.12525541125541129
valid2460,-0.46513708513708518
valid2461,-0.044444444444444439
valid2462,0.26188888888888889
valid2463,0.17344444444444443
valid2464,-0.86828571428571422
valid2465,0.15849735449735453
valid2466,0.38677777777777778
valid2467,0.60555555555555562
valid2468,0.037333333333333329
valid2469,0.62916402116402115
valid2470,-0.17657142857142857
valid2471,0.13469841269841268
valid2472,-0.21066666666666667
valid2473,0.58046031746031745
valid2474,-0.22622222222222221
valid2475,0.33750793650793659
valid2476,-0.056158730158730158
valid2477,0.22853968253968251
valid2478,-0.10655555555555556
valid2479,0.0
valid2480,-0.071317460317460321
valid2481,0.0
valid2482,0.1676296296296296
valid2483,0.10714285714285712
valid2484,-0.090428571428571428
valid2485,-0.12382539682539682
valid2486,0.088888888888888892
valid2487,0.1273968253968254
valid2488,0.58337566137566144
valid2489,0.93155555555555569
valid2490,0.72799999999999998
valid2491,0.13218518518518518
valid2492,-0.12439153439153439
valid2493,-0.15047619047619046
valid2494,-0.7166190476190476
valid2495,0.17811111111111111
valid2496,-1.0
valid2497,0.23550264550264549
valid2498,-0.2267301587301587
valid2499,-1.0
valid2500,0.40960846560846559
valid2501,0.44488888888888889
valid2502,-0.10039682539682539
valid2503,0.24116402116402119
valid2504,0.45406349206349206
valid2505,1.0
valid2506,-0.098444444444444432
valid2507,0.087179894179894191
valid2508,0.016883597883597879
valid2509,1.0
valid2510,-0.2112063492063492
valid2511,-0.33914285714285713
valid2512,-0.15145454545454545
valid2513,0.035111111111111114
valid2514,0.013333333333333334
valid2515,0.3825925925925926
valid2516,-0.057809523809523804
valid2517,0.0
valid2518,0.29177777777777775
valid2519,-0.064412698412698408
valid2520,-0.13151851851851851
valid2521,-0.59207407407407397
valid2522,-0.10441269841269842
valid2523,0.0
valid2524,0.046222222222222227
valid2525,0.04958730158730159
valid2526,0.037333333333333329
valid2527,0.47333333333333333
valid2528,-0.24671284271284269
valid2529,0.31744444444444447
valid2530,0.13566666666666669
valid2531,-0.24149206349206348
valid2532,0.29917460317460315
valid2533,0.51088888888888895
valid2534,0.031206349206349206
valid2535,0.064000000000000001
valid2536,-0.16749206349206353
valid2537,0.030444444444444444
valid2538,0.22959740259740258
valid2539,0.1361904761904762
valid2540,-0.10706349206349207
valid2541,-0.20301587301587298
valid2542,0.07415873015873016
valid2543,-0.91644444444444451
valid2544,-0.090464646464646456
valid2545,-1.0
valid2546,-0.075809523809523771
valid2547,-0.73117460317460325
valid2548,-0.67646031746031754
valid2549,-0.56155555555555559
valid2550,-0.44066666666666671
valid2551,0.056111111111111098
valid2552,0.0
valid2553,0.09487734487734488
valid2554,-0.94222222222222207
valid2555,-0.80371428571428571
valid2556,-0.78607407407407404
valid2557,-0.99733333333333329
valid2558,0.9688888888888888
valid2559,-0.15615873015873016
valid2560,-0.098222222222222211
valid2561,0.14075132275132274
valid2562,-0.30157142857142855
valid2563,-0.029333333333333336
valid2564,0.21777777777777782
valid2565,-0.074444444444444438
valid2566,-0.11633333333333333
valid2567,-0.64740740740740743
valid2568,0.18619047619047621
valid2569,0.1788253968253968
valid2570,0.0051111111111111166
valid2571,0.051587301587301584
valid2572,-0.15355555555555556
valid2573,0.075777777777777763
valid2574,0.097190476190476188
valid2575,-0.13533333333333331
valid2576,-0.48088888888888892
valid2577,0.088126984126984151
valid2578,0.071555555555555567
valid2579,1.0
valid2580,-0.36964021164021166
valid2581,0.45726984126984133
valid2582,0.051111111111111114
valid2583,-0.066433862433862428
valid2584,-0.09555555555555556
valid2585,-0.62241269841269853
valid2586,0.70955555555555561
valid2587,0.20385185185185184
valid2588,0.01
valid2589,-0.025428571428571422
valid2590,0.10666666666666666
valid2591,0.038666666666666669
valid2592,0.0084444444444444437
valid2593,0.57266666666666666
valid2594,-0.3966560846560846
valid2595,-0.16457142857142856
valid2596,0.046984126984126982
valid2597,-0.30399999999999994
valid2598,0.89170370370370355
valid2599,0.16666666666666663
valid2600,-0.090423280423280433
valid2601,0.92666666666666664
valid2602,0.84920634920634919
valid2603,0.50219047619047619
valid2604,0.042539682539682544
valid2605,0.97422222222222232
valid2606,0.93533333333333324
valid2607,0.087931216931216929
valid2608,0.0078888888888888897
valid2609,0.064571428571428585
valid2610,-0.025777777777777785
valid2611,0.93999999999999995
valid2612,-0.048000000000000001
valid2613,-1.0
valid2614,0.0061904761904761985
valid2615,0.51504761904761909
valid2616,0.11503703703703705
valid2617,-0.17511111111111111
valid2618,0.69433862433862426
valid2619,0.21915873015873019
valid2620,-0.89466666666666683
valid2621,0.21540933140933138
valid2622,0.0045079365079364981
valid2623,0.75474603174603172
valid2624,-0.14266666666666666
valid2625,0.014095238095238093
valid2626,0.18187301587301588
valid2627,0.018423280423280421
valid2628,-0.77074074074074073
valid2629,0.075682539682539671
valid2630,-0.095619047619047617
valid2631,-0.0049523809523809529
valid2632,-0.018962962962962959
valid2633,-0.36587301587301585
valid2634,0.067925925925925917
valid2635,0.31388888888888894
valid2636,-0.32065608465608464
valid2637,0.58033333333333337
valid2638,-0.6674444444444444
valid2639,1.0
valid2640,-0.13174603174603175
valid2641,0.16479894179894181
valid2642,-0.038666666666666669
